<?xml version="1.0" encoding="UTF-8"?>
<project-private xmlns="http://www.netbeans.org/ns/project-private/1">
    <editor-bookmarks xmlns="http://www.netbeans.org/ns/editor-bookmarks/2" lastBookmarkId="0"/>
    <open-files xmlns="http://www.netbeans.org/ns/projectui-open-files/2">
        <group>
            <file>file:/C:/xampp/htdocs/waldaa/.env</file>
            <file>file:/C:/xampp/htdocs/waldaa/resources/views/emails/mail.blade.php</file>
            <file>file:/C:/xampp/htdocs/waldaa/app/Http/Controllers/Api/UserController.php</file>
            <file>file:/C:/xampp/htdocs/waldaa/routes/api.php</file>
            <file>file:/C:/xampp/htdocs/waldaa/app/Helpers/common_helper.php</file>
        </group>
    </open-files>
</project-private>
